{
	"IcoMoonType": "selection",
	"icons": [
		{
			"icon": {
				"paths": [
					"M1024 608l-192-192v-288h-128v160l-192-192-512 512v32h128v320h320v-192h128v192h320v-320h128z"
				],
				"attrs": [],
				"tags": [
					"home",
					"house"
				],
				"grid": 16
			},
			"attrs": [],
			"properties": {
				"id": 52,
				"order": 501,
				"prevSize": 32,
				"ligatures": "home3, house3",
				"name": "home",
				"code": 59648
			},
			"setIdx": 0,
			"setId": 0,
			"iconIdx": 2
		},
		{
			"icon": {
				"paths": [
					"M512 0c-176.732 0-320 143.268-320 320 0 320 320 704 320 704s320-384 320-704c0-176.732-143.27-320-320-320zM512 516c-108.248 0-196-87.752-196-196s87.752-196 196-196 196 87.752 196 196-87.752 196-196 196zM388 320c0-68.483 55.517-124 124-124s124 55.517 124 124c0 68.483-55.517 124-124 124s-124-55.517-124-124z"
				],
				"attrs": [],
				"tags": [
					"location",
					"map-marker",
					"pin"
				],
				"grid": 16
			},
			"attrs": [],
			"properties": {
				"id": 310,
				"order": 502,
				"prevSize": 32,
				"ligatures": "location2, map-marker2",
				"name": "ubicacion",
				"code": 59649
			},
			"setIdx": 0,
			"setId": 0,
			"iconIdx": 72
		},
		{
			"icon": {
				"paths": [
					"M64 192h896v192h-896zM64 448h896v192h-896zM64 704h896v192h-896z"
				],
				"attrs": [],
				"tags": [
					"menu",
					"list",
					"options",
					"lines",
					"hamburger"
				],
				"grid": 16
			},
			"attrs": [],
			"properties": {
				"order": 503,
				"id": 1448,
				"prevSize": 32,
				"ligatures": "menu, list3",
				"name": "menu",
				"code": 59650
			},
			"setIdx": 0,
			"setId": 0,
			"iconIdx": 189
		},
		{
			"icon": {
				"paths": [
					"M0 192h896v192h-896v-192zM0 448h896v192h-896v-192zM0 704h896v192h-896v-192z",
					"M992 576l192 192 192-192z",
					"M1376 512l-192-192-192 192z"
				],
				"width": 1408,
				"attrs": [],
				"tags": [
					"menu",
					"options",
					"hamburger"
				],
				"grid": 16
			},
			"attrs": [],
			"properties": {
				"order": 504,
				"id": 1450,
				"prevSize": 32,
				"ligatures": "menu2, options2",
				"name": "menu2",
				"code": 59651
			},
			"setIdx": 0,
			"setId": 0,
			"iconIdx": 190
		},
		{
			"icon": {
				"paths": [
					"M0 192h896v192h-896v-192zM0 448h896v192h-896v-192zM0 704h896v192h-896v-192z",
					"M992 448l192 192 192-192z"
				],
				"width": 1408,
				"attrs": [],
				"tags": [
					"menu",
					"options",
					"hamburger"
				],
				"grid": 16
			},
			"attrs": [],
			"properties": {
				"order": 505,
				"id": 1449,
				"prevSize": 32,
				"ligatures": "menu3, options3",
				"name": "menu3",
				"code": 59652
			},
			"setIdx": 0,
			"setId": 0,
			"iconIdx": 191
		},
		{
			"icon": {
				"paths": [
					"M0 192h896v192h-896v-192zM0 448h896v192h-896v-192zM0 704h896v192h-896v-192z",
					"M992 640l192-192 192 192z"
				],
				"width": 1408,
				"attrs": [],
				"tags": [
					"menu",
					"options",
					"hamburger"
				],
				"grid": 16
			},
			"attrs": [],
			"properties": {
				"id": 781,
				"order": 506,
				"prevSize": 32,
				"ligatures": "menu4, options4",
				"name": "menu4",
				"code": 59653
			},
			"setIdx": 0,
			"setId": 0,
			"iconIdx": 192
		},
		{
			"icon": {
				"paths": [
					"M0 512c0 282.77 229.23 512 512 512s512-229.23 512-512-229.23-512-512-512-512 229.23-512 512zM928 512c0 229.75-186.25 416-416 416s-416-186.25-416-416 186.25-416 416-416 416 186.25 416 416z",
					"M706.744 669.256l90.512-90.512-285.256-285.254-285.254 285.256 90.508 90.508 194.746-194.744z"
				],
				"attrs": [],
				"tags": [
					"circle-up",
					"up",
					"circle-top",
					"arrow"
				],
				"grid": 16
			},
			"attrs": [],
			"properties": {
				"order": 493,
				"id": 1393,
				"prevSize": 32,
				"ligatures": "circle-up, up3",
				"name": "circulo-up",
				"code": 59654
			},
			"setIdx": 0,
			"setId": 0,
			"iconIdx": 321
		},
		{
			"icon": {
				"paths": [
					"M512 0c-282.77 0-512 229.23-512 512s229.23 512 512 512 512-229.23 512-512-229.23-512-512-512zM512 928c-229.75 0-416-186.25-416-416s186.25-416 416-416 416 186.25 416 416-186.25 416-416 416z",
					"M354.744 706.744l90.512 90.512 285.254-285.256-285.256-285.254-90.508 90.508 194.744 194.746z"
				],
				"attrs": [],
				"tags": [
					"circle-right",
					"right",
					"circle-next",
					"arrow"
				],
				"grid": 16
			},
			"attrs": [],
			"properties": {
				"order": 494,
				"id": 1395,
				"prevSize": 32,
				"ligatures": "circle-right, right5",
				"name": "circulo-right",
				"code": 59655
			},
			"setIdx": 0,
			"setId": 0,
			"iconIdx": 322
		},
		{
			"icon": {
				"paths": [
					"M1024 512c0-282.77-229.23-512-512-512s-512 229.23-512 512 229.23 512 512 512 512-229.23 512-512zM96 512c0-229.75 186.25-416 416-416s416 186.25 416 416-186.25 416-416 416-416-186.25-416-416z",
					"M317.256 354.744l-90.512 90.512 285.256 285.254 285.254-285.256-90.508-90.508-194.746 194.744z"
				],
				"attrs": [],
				"tags": [
					"circle-down",
					"down",
					"circle-bottom",
					"arrow"
				],
				"grid": 16
			},
			"attrs": [],
			"properties": {
				"order": 492,
				"id": 1394,
				"prevSize": 32,
				"ligatures": "circle-down, down3",
				"name": "circulo-down",
				"code": 59656
			},
			"setIdx": 0,
			"setId": 0,
			"iconIdx": 323
		},
		{
			"icon": {
				"paths": [
					"M512 1024c282.77 0 512-229.23 512-512s-229.23-512-512-512-512 229.23-512 512 229.23 512 512 512zM512 96c229.75 0 416 186.25 416 416s-186.25 416-416 416-416-186.25-416-416 186.25-416 416-416z",
					"M669.256 317.256l-90.512-90.512-285.254 285.256 285.256 285.254 90.508-90.508-194.744-194.746z"
				],
				"attrs": [],
				"tags": [
					"circle-left",
					"left",
					"circle-previous",
					"arrow"
				],
				"grid": 16
			},
			"attrs": [],
			"properties": {
				"id": 5,
				"order": 495,
				"prevSize": 32,
				"ligatures": "circle-left, left5",
				"name": "circulo-left",
				"code": 59657
			},
			"setIdx": 0,
			"setId": 0,
			"iconIdx": 324
		},
		{
			"icon": {
				"paths": [
					"M512 0c-282.77 0-512 229.23-512 512s229.23 512 512 512v-384h-128v-128h128v-96c0-88.366 71.632-160 160-160h160v128h-160c-17.674 0-32 14.328-32 32v96h176l-32 128h-144v367.87c220.828-56.838 384-257.3 384-495.87 0-282.77-229.23-512-512-512z"
				],
				"attrs": [],
				"tags": [
					"facebook",
					"brand",
					"social"
				],
				"grid": 16
			},
			"attrs": [],
			"properties": {
				"id": 1300,
				"order": 496,
				"prevSize": 32,
				"ligatures": "facebook3, brand8",
				"name": "facebook",
				"code": 59658
			},
			"setIdx": 0,
			"setId": 0,
			"iconIdx": 398
		},
		{
			"icon": {
				"paths": [
					"M512 0c-282.77 0-512 229.23-512 512s229.23 512 512 512 512-229.23 512-512-229.23-512-512-512zM766.478 381.48c0.252 5.632 0.38 11.296 0.38 16.988 0 173.51-132.070 373.588-373.584 373.588-74.15 0-143.168-21.738-201.276-58.996 10.272 1.218 20.724 1.84 31.322 1.84 61.518 0 118.134-20.992 163.072-56.21-57.458-1.054-105.948-39.020-122.658-91.184 8.018 1.532 16.244 2.36 24.704 2.36 11.976 0 23.578-1.61 34.592-4.61-60.064-12.066-105.326-65.132-105.326-128.75 0-0.554 0-1.104 0.012-1.652 17.7 9.834 37.948 15.742 59.47 16.424-35.232-23.546-58.414-63.736-58.414-109.292 0-24.064 6.476-46.62 17.78-66.010 64.76 79.44 161.51 131.712 270.634 137.19-2.238-9.612-3.4-19.632-3.4-29.924 0-72.512 58.792-131.298 131.304-131.298 37.766 0 71.892 15.944 95.842 41.462 29.908-5.886 58.008-16.814 83.38-31.862-9.804 30.662-30.624 56.394-57.732 72.644 26.56-3.174 51.866-10.232 75.412-20.674-17.594 26.328-39.854 49.454-65.514 67.966z"
				],
				"attrs": [],
				"tags": [
					"twitter",
					"brand",
					"social"
				],
				"grid": 16
			},
			"attrs": [],
			"properties": {
				"id": 1304,
				"order": 497,
				"prevSize": 32,
				"ligatures": "twitter3, brand13",
				"name": "twitter",
				"code": 59659
			},
			"setIdx": 0,
			"setId": 0,
			"iconIdx": 403
		},
		{
			"icon": {
				"paths": [
					"M832 128h-640c-105.6 0-192 86.4-192 192v384c0 105.6 86.4 192 192 192h640c105.6 0 192-86.4 192-192v-384c0-105.6-86.4-192-192-192zM384 768v-512l320 256-320 256z"
				],
				"attrs": [],
				"tags": [
					"youtube",
					"brand",
					"social"
				],
				"grid": 16
			},
			"attrs": [],
			"properties": {
				"id": 1308,
				"order": 498,
				"prevSize": 32,
				"ligatures": "youtube, brand14",
				"name": "youtube",
				"code": 59660
			},
			"setIdx": 0,
			"setId": 0,
			"iconIdx": 407
		},
		{
			"icon": {
				"paths": [
					"M512 0c-282.77 0-512 229.23-512 512s229.23 512 512 512 512-229.23 512-512-229.23-512-512-512zM812.868 438.126c-33.958 191.296-223.708 353.296-280.78 390.31-57.088 37.006-109.154-14.822-128.038-53.994-21.616-44.708-86.41-286.94-103.368-307.020-16.964-20.038-67.876 20.080-67.876 20.080l-24.692-32.376c0 0 103.382-123.448 182.040-138.878 83.404-16.366 83.28 128.066 103.34 208.242 19.4 77.564 32.44 121.952 49.376 121.952 16.97 0 49.382-43.262 84.852-109.57 35.536-66.376-1.538-125.010-70.972-83.292 27.786-166.652 290.062-206.72 256.118-15.454z"
				],
				"attrs": [],
				"tags": [
					"vimeo",
					"brand",
					"social"
				],
				"grid": 16
			},
			"attrs": [],
			"properties": {
				"id": 1314,
				"order": 499,
				"prevSize": 32,
				"ligatures": "vimeo3, brand21",
				"name": "vimeo",
				"code": 59661
			},
			"setIdx": 0,
			"setId": 0,
			"iconIdx": 414
		},
		{
			"icon": {
				"paths": [
					"M512.008 12.642c-282.738 0-512.008 229.218-512.008 511.998 0 226.214 146.704 418.132 350.136 485.836 25.586 4.738 34.992-11.11 34.992-24.632 0-12.204-0.48-52.542-0.696-95.324-142.448 30.976-172.504-60.41-172.504-60.41-23.282-59.176-56.848-74.916-56.848-74.916-46.452-31.778 3.51-31.124 3.51-31.124 51.4 3.61 78.476 52.766 78.476 52.766 45.672 78.27 119.776 55.64 149.004 42.558 4.588-33.086 17.852-55.68 32.506-68.464-113.73-12.942-233.276-56.85-233.276-253.032 0-55.898 20.004-101.574 52.76-137.428-5.316-12.9-22.854-64.972 4.952-135.5 0 0 43.006-13.752 140.84 52.49 40.836-11.348 84.636-17.036 128.154-17.234 43.502 0.198 87.336 5.886 128.256 17.234 97.734-66.244 140.656-52.49 140.656-52.49 27.872 70.528 10.35 122.6 5.036 135.5 32.82 35.856 52.694 81.532 52.694 137.428 0 196.654-119.778 239.95-233.79 252.624 18.364 15.89 34.724 47.046 34.724 94.812 0 68.508-0.596 123.644-0.596 140.508 0 13.628 9.222 29.594 35.172 24.566 203.322-67.776 349.842-259.626 349.842-485.768 0-282.78-229.234-511.998-511.992-511.998z"
				],
				"attrs": [],
				"tags": [
					"github",
					"brand",
					"octacat",
					"social"
				],
				"grid": 16
			},
			"attrs": [],
			"properties": {
				"order": 500,
				"id": 1412,
				"prevSize": 32,
				"ligatures": "github, brand40",
				"name": "github",
				"code": 59662
			},
			"setIdx": 0,
			"setId": 0,
			"iconIdx": 433
		}
	],
	"height": 1024,
	"metadata": {
		"name": "icomoon"
	},
	"preferences": {
		"showGlyphs": true,
		"showQuickUse": true,
		"showQuickUse2": true,
		"showSVGs": true,
		"fontPref": {
			"prefix": "icon-",
			"metadata": {
				"fontFamily": "icomoon"
			},
			"metrics": {
				"emSize": 1024,
				"baseline": 6.25,
				"whitespace": 50
			},
			"embed": false
		},
		"imagePref": {
			"prefix": "icon-",
			"png": true,
			"useClassSelector": true,
			"color": 4473924,
			"bgColor": 16777215
		},
		"historySize": 100,
		"showCodes": true
	}
}